id,first_name,last_name,gender,weight,height
289-90-0980,Shirley,Baylay,Female,82.22,169.09
709-24-2905,Beltran,Olczyk,Male,91.43,172.48
408-48-6169,Gussie,Wenban,Female,74.12,168.62
576-36-5194,Fernando,Bettenson,Male,86.62,174.42
124-96-2199,Rikki,Bruckman,Female,55.01,185.57
534-15-9694,Phil,Malser,Female,100.16,154.92
662-30-5431,Lindsay,O'Donovan,Female,104.79,176.01
823-16-1039,Alwin,Studman,Male,62.59,171.02
499-20-2699,Dennie,Dellenbroker,Male,62.97,187.61
200-53-8859,Lilyan,Langcastle,Female,50.45,155.24
105-78-7538,Raynor,Byers,Male,72.24,155.26
708-03-7487,Isadora,Fosdick,Female,77.3,188.38
338-74-5379,Riki,MacMurray,Female,53.59,175.3
672-68-8153,Rancell,Sheivels,Male,60.99,173.9
807-93-3700,Ardith,Gipp,Female,58.79,180.26
139-28-0118,Kirsteni,Fraczkiewicz,Female,58.74,189.4
227-29-1308,Shellysheldon,Jankovic,Male,67.18,166.48
595-56-3950,Amanda,Vasishchev,Female,54.53,175.05
213-14-6717,Janenna,Mealand,Female,63.78,151.81
295-85-0351,Andres,Clows,Male,45.7,189.57
158-76-5981,Yvette,Gostling,Female,70.45,168.27
165-34-0505,Corina,Jaquiss,Female,69.0,181.11
438-18-7699,Emile,Ibbotson,Male,107.75,182.13
394-34-6395,Lombard,Provest,Male,90.6,155.18
260-86-4420,Selig,Wilcock,Male,83.72,176.6
896-46-4112,Skipton,Bullier,Male,81.73,178.25
158-75-4678,Asia,Trelease,Female,100.8,171.28
801-73-2389,Farica,Bradd,Female,94.54,181.08
659-65-5664,Jacklyn,Blockey,Female,61.47,179.7
186-37-6945,Timothy,Milmore,Male,109.63,178.79
667-61-4673,Nariko,Limbrick,Female,81.62,184.69
285-44-6840,Dale,Tillard,Female,50.36,158.83
565-97-5564,Joseito,Normanville,Male,95.49,175.76
325-27-2180,Byrle,Klaves,Male,47.92,177.18
208-98-8300,Bernadene,Hairsnape,Female,49.01,153.63
228-93-2198,Gracia,Hutton,Female,45.76,175.82
702-83-5358,Allys,Wittey,Female,52.3,189.58
892-05-2571,Noel,Harness,Male,62.26,156.45
329-45-8713,Calley,Fearnehough,Female,49.18,174.86
528-79-2883,Desmund,Causey,Male,72.04,157.42
438-88-8962,Rowney,Kuhnhardt,Male,100.28,173.95
129-31-2689,Hugues,Florez,Male,90.41,156.83
268-09-8704,Oates,Menpes,Male,61.22,156.98
588-50-7220,Lanny,Densey,Female,52.54,153.24
511-14-2160,Zarah,ducarme,Female,82.45,168.98
209-58-2093,Charo,Skate,Female,63.75,156.88
550-67-3560,Sayers,Spencelayh,Male,89.19,164.49
588-39-0568,Hestia,Concannon,Female,89.53,186.41
832-14-5928,Stewart,Beevis,Male,94.79,183.48
148-25-2780,Rad,Sturges,Male,54.29,180.35
688-31-7323,Ximenez,Atmore,Male,97.77,188.54
336-02-3588,Brice,Trayes,Male,67.21,173.72
415-32-2892,Minnie,Wringe,Female,108.56,187.26
392-88-7054,Tiena,Setterfield,Female,100.85,168.59
356-98-5698,Boris,Habert,Male,87.7,181.42
261-70-0651,Rey,McGrey,Male,50.3,185.78
765-37-6856,Paxton,Woodall,Male,94.85,173.64
782-56-9753,Alyss,Wilkinson,Female,84.03,163.07
403-96-1846,Ring,Job,Male,90.31,183.78
568-72-6737,Martguerita,Pitkin,Female,105.81,175.56
663-72-8938,Elberta,Comport,Female,84.58,158.71
639-08-3183,Rhianna,Bischoff,Female,101.7,150.03
896-27-1493,Darin,Leavold,Male,79.31,156.22
853-55-1436,Bradford,Salvati,Male,82.53,159.53
816-69-5955,Tobit,Chatenet,Male,57.87,178.55
338-80-0875,Griffy,Cammoile,Male,77.3,182.55
320-12-8614,Lazare,Dutnall,Male,83.27,186.27
520-08-2752,Ertha,Spivie,Female,54.68,152.72
792-90-1552,Winne,Geist,Female,87.08,186.46
206-86-2842,Jess,Lieber,Female,85.22,182.27
782-06-1239,Bernarr,Maestro,Male,64.96,151.87
516-94-0157,Nicolle,Kapiloff,Female,102.69,186.42
539-85-8045,Dulcia,Pohls,Female,106.67,187.36
407-48-6837,Erma,Stansall,Female,60.74,187.16
855-21-6846,Dory,Moulster,Male,80.89,176.9
120-88-3249,Binnie,Hathwood,Female,84.75,189.4
259-44-6922,Dulcy,McMullen,Female,80.67,170.3
812-56-3041,Krista,Pavlasek,Female,47.43,164.52
683-46-7365,Jerry,Czaple,Female,84.18,188.44
209-98-1109,Claus,Christer,Male,86.17,176.44
798-72-5470,Jamesy,Martland,Male,65.55,187.75
501-44-5172,Marjorie,Canner,Female,85.39,179.56
378-28-3818,Luz,Foulds,Female,90.47,168.55
434-68-3405,Adena,Haines,Female,82.69,180.52
296-61-4242,Shelley,Scowcroft,Male,102.2,158.52
723-09-7410,Danya,Corro,Male,77.8,164.97
365-82-5222,Swen,Klimmek,Male,83.43,160.84
699-76-8658,Birdie,Galia,Female,74.69,169.98
289-77-6541,Antonius,Hixley,Male,46.61,166.68
812-58-4978,Nico,Douce,Male,67.67,152.85
438-23-3967,Tam,Coase,Male,64.87,180.93
309-93-7427,Bibbye,Matevushev,Female,54.47,175.81
269-46-8135,Perry,Edelheid,Male,84.87,178.86
771-46-6905,Tremain,Sweatland,Male,99.02,177.7
413-36-9356,Fae,Humberston,Female,103.7,167.8
730-60-6042,Vinnie,Fairebrother,Male,93.1,152.86
328-99-8498,Ferdinand,Lorenzetti,Male,46.02,185.73
532-42-4124,Timmie,Reville,Female,88.12,164.01
639-91-8543,Clementius,Oseman,Male,64.62,188.5
459-10-2894,Ruggiero,Collinwood,Male,107.78,182.48
718-97-5260,Cosme,Kuhwald,Male,84.02,184.41
202-47-9430,Prent,Catterson,Male,77.5,151.63
725-82-4671,Brigid,Merriday,Female,102.17,187.0
210-88-5129,Terencio,Duly,Male,89.39,169.92
487-39-3692,Bancroft,Bushell,Male,80.91,162.24
108-84-2197,Cori,Matyja,Male,89.74,163.9
896-28-2974,Levin,Stambridge,Male,76.0,183.49
130-72-3338,Lynda,Kings,Female,74.11,153.51
543-60-8613,Randi,Plenderleith,Male,107.29,180.29
857-33-0929,Judie,McCurry,Female,103.06,158.7
520-85-6742,Tulley,Tabor,Male,104.08,168.97
488-80-8892,Kasper,Lalley,Male,62.19,162.13
197-13-7154,Raul,Crowcombe,Male,53.41,165.56
739-77-2329,Kennan,Wolfindale,Male,55.05,152.96
360-82-9279,Adolf,Amaya,Male,104.87,174.43
894-69-8815,Tracie,Yashnov,Female,48.22,152.72
494-29-9874,Caterina,Shotboulte,Female,78.59,188.91
246-28-9647,Cliff,Daubney,Male,75.93,165.02
735-68-7603,Mira,Sertin,Female,90.03,164.11
323-17-4441,Umeko,MacClenan,Female,59.31,174.41
513-49-8057,Suzi,Colbert,Female,48.16,155.71
843-98-4865,Laird,Nursey,Male,61.36,151.43
744-58-2641,Fionnula,Winsbury,Female,76.59,189.5
761-64-4222,Mara,Blaschke,Female,71.3,155.31
130-90-5829,Pammie,Marskell,Female,68.35,164.47
213-76-3284,Nate,Northcott,Male,96.68,167.28
208-04-1890,Giacobo,Didball,Male,66.85,180.14
660-35-3819,Blanca,Trevett,Female,95.51,184.3
235-77-9377,Horst,Chasle,Male,86.02,156.36
838-70-7616,Tyne,Barneville,Female,50.39,173.3
552-71-6376,Eli,Cheesley,Male,61.75,189.24
442-80-6441,Virgilio,Maclean,Male,97.63,184.88
487-79-5497,Kimmi,Cradick,Female,95.36,172.7
248-27-1542,Allianora,McQuirter,Female,97.58,176.99
757-23-1036,Nert,Carrick,Female,106.47,154.08
565-60-4824,Raphael,Piolli,Male,63.51,150.29
780-23-8045,Elsworth,Goldstein,Male,103.57,167.87
824-16-9748,Chester,Gandrich,Male,50.03,179.33
769-09-5945,Leoine,Seal,Female,46.32,186.56
281-29-3551,Tim,Gores,Female,96.92,165.31
884-74-8000,Gusta,Dabbs,Female,62.47,179.95
311-23-3168,Brigit,Winward,Female,56.82,186.21
103-81-1392,Zora,Moreno,Female,63.18,166.72
326-56-1540,Willdon,Fuxman,Male,52.91,153.9
262-02-0345,Kaila,Ruttgers,Female,48.97,184.52
254-32-7901,Denyse,Foker,Female,96.5,161.62
595-88-4059,Caren,Glencrosche,Female,62.72,167.52
722-67-1833,Merci,Earley,Female,100.87,175.1
225-13-9940,Tessy,Wands,Female,72.37,155.18
299-75-3368,Carlotta,Wyne,Female,91.75,155.08
809-75-5820,Rose,Innott,Female,84.61,163.34
321-55-4365,Emerson,Follis,Male,107.8,152.65
838-64-8527,Had,Pedrozzi,Male,109.46,177.03
851-77-8868,Lilla,Yakhin,Female,69.09,174.06
242-95-6285,Magnum,Dosdale,Male,85.48,172.71
863-97-2632,Bealle,Guilaem,Male,74.17,181.35
884-94-7555,Boycie,Meneo,Male,90.91,179.21
186-87-2489,Tedda,Ormiston,Female,63.22,152.6
155-80-7882,Maxim,Katzmann,Male,109.76,170.43
768-82-0481,Tiffani,Scala,Female,90.02,171.97
351-15-2590,Paula,Marre,Female,60.9,186.32
169-23-7606,Moreen,Kettoe,Female,87.49,181.64
644-07-0260,Abrahan,Dixsee,Male,99.4,163.14
331-22-1227,Flin,Taylor,Male,101.27,177.37
714-99-8125,Xylina,Curro,Female,77.67,167.26
316-63-0354,Lynn,Keynd,Male,45.98,175.03
751-98-9307,Lazaro,Billows,Male,50.96,151.54
898-15-9219,Gavrielle,Raiker,Female,79.67,184.26
533-12-4175,Findlay,Filipchikov,Male,109.97,188.94
319-79-7491,Chevy,Pollastrone,Male,98.65,160.24
307-59-9047,Tandy,BoHlingolsen,Female,48.11,175.17
484-19-5328,Hannis,Shand,Female,93.36,154.91
722-23-9975,Ephrayim,Stritton,Male,56.68,185.98
221-34-6788,Charmion,Drew,Female,106.59,164.11
213-94-8338,Bibi,Houselee,Female,77.07,174.21
741-42-8625,Dew,Anney,Male,53.98,164.09
570-97-1569,Madel,Maynell,Female,103.63,176.41
638-83-0586,Thayne,Vaun,Male,94.29,154.68
285-50-9349,Sondra,Doulton,Female,47.25,186.65
676-84-1914,Becka,Norrington,Female,60.27,175.47
821-71-0756,Cozmo,Shanklin,Male,61.9,171.07
667-43-1518,Sauncho,Creagh,Male,82.83,163.83
101-52-2646,Alisun,Wheeliker,Female,82.43,184.53
821-09-4765,Alika,Screwton,Female,97.6,184.87
182-61-9308,Mickie,McMyler,Female,65.97,160.16
855-56-1169,Valery,Llop,Female,73.81,183.14
327-04-4786,Demetrius,Langthorne,Male,65.93,180.54
853-58-9808,Davine,Hanscom,Female,78.93,150.67
868-16-9370,Costanza,Atkin,Female,99.92,157.06
345-98-1345,Riki,Lunnon,Female,57.0,174.07
534-96-1373,Frasier,Vasler,Male,56.16,168.67
236-51-5559,Muriel,Kelshaw,Female,80.47,169.52
516-98-3131,Susette,Starmont,Female,72.66,177.68
180-41-9244,Portie,Medwell,Male,107.7,169.76
341-88-7560,Benn,Aukland,Male,93.32,173.18
233-48-8354,Anny,Skivington,Female,69.37,180.09
559-06-8602,Emma,Gottschalk,Female,109.75,187.06
209-19-2714,Dirk,Baskett,Male,66.1,159.49
266-15-9356,Magdaia,Crosoer,Female,88.11,154.58
331-47-3446,Hilda,Gerbl,Female,46.1,183.05
673-51-1336,Avery,Imorts,Male,86.85,154.5
649-38-1897,Shermie,Sheaber,Male,102.73,179.5
261-41-2725,Hogan,Simion,Male,,
245-11-0664,Lulu,Utridge,Female,69.14,151.68
571-28-8084,Kevina,Donnelly,Female,48.46,174.67
402-13-4297,Giffie,McIlvoray,Male,45.35,178.68
396-70-7710,Leonhard,Corns,Male,85.44,170.21
233-79-6059,Jason,Doree,Male,48.73,166.6
531-19-4784,Pearla,Addinall,Female,66.3,158.93
654-34-0016,Marshall,Szantho,Male,54.17,177.38
511-97-9462,Con,Pollastro,Male,60.23,177.71
707-43-6697,Salvador,Patise,Male,54.29,167.58
288-90-4953,Mavis,Jesson,Female,64.95,183.37
535-17-9702,Templeton,Potte,Male,74.57,176.4
445-05-9880,Henka,Pexton,Female,100.39,171.1
469-92-0487,Dolly,Bruhnicke,Female,62.52,175.26
805-96-9592,Orin,MacConnel,Male,60.63,159.53
513-78-5260,Willie,Riddett,Male,65.66,166.39
127-73-4952,Amelita,Nelle,Female,45.16,162.83
627-82-9069,Glenn,Bartram,Male,76.58,170.5
331-74-7822,Ansell,Hyndman,Male,108.69,183.71
553-08-6962,Francine,Spiers,Female,88.94,158.88
227-37-0609,Tore,Helstrom,Male,103.99,163.99
691-29-7857,Palm,Huebner,Male,60.17,174.96
113-99-1382,Cassie,Licence,Female,58.71,180.06
245-19-7494,Koren,Coldman,Female,104.81,179.06
839-56-1992,Edgardo,Dearle-Palser,Male,92.43,171.7
211-22-7455,Orion,Quenby,Male,,
715-90-1457,Nomi,Seymark,Female,84.99,181.34
397-84-5636,Corinna,Hodgin,Female,100.07,176.89
441-95-3721,Christean,Gwinnel,Female,73.8,155.27
885-80-7412,Rogerio,Fleckness,Male,94.28,185.35
198-28-6269,Johanna,Penna,Female,52.26,170.22
772-64-5661,Brnaby,Romeuf,Male,88.7,160.99
654-06-4355,Andris,Ballam,Male,81.35,174.1
271-61-8811,Tiffany,Mussilli,Female,,
725-46-3483,Rodge,Dreamer,Male,106.27,187.71
677-21-4612,Jenilee,Tredwell,Female,56.58,166.72
593-70-1189,Betsey,Pepall,Female,46.52,173.45
645-96-2741,Ricki,Gimenez,Female,45.86,175.65
726-17-0369,Mycah,Rettie,Male,81.43,153.09
265-54-7482,Natalee,Breckon,Female,56.68,163.75
624-16-9036,Walt,Gerdts,Male,,
458-05-8849,Carlin,Cobby,Female,94.19,182.4
599-82-1504,Edvard,Lewinton,Male,65.12,188.11
391-68-5421,Gwendolyn,Huntress,Female,101.58,156.32
204-68-4546,Zia,Meriot,Female,92.5,178.14
544-97-0330,Haroun,Kirwan,Male,47.22,154.35
835-73-1053,Neilla,Hollows,Female,64.18,162.68
705-51-0063,Anitra,Goalby,Female,93.12,189.15
525-88-4800,Joshuah,Low,Male,66.05,189.22
130-55-0631,Gardner,Leeburne,Male,92.27,157.08
165-41-4682,Goddard,Barke,Male,87.03,185.9
150-69-8544,Tracey,McCaghan,Female,94.6,177.35
760-85-4634,Nerissa,Quenell,Female,92.34,186.6
665-25-8215,Joella,Bergen,Female,66.42,167.1
213-46-6302,Barret,Conti,Male,70.16,189.48
851-04-1801,Jory,Chattelaine,Male,63.94,165.0
590-63-5918,Hendrik,Wadlow,Male,89.08,189.88
584-12-5699,Babbette,Hastewell,Female,49.75,189.17
281-31-8986,Laurie,Plank,Male,98.81,166.83
554-76-9833,Di,Yuryichev,Female,53.01,185.56
824-57-9079,Clarisse,Simison,Female,68.13,181.4
677-62-7837,Heida,MacCartan,Female,62.97,162.46
319-12-0782,Gardener,Iapico,Male,64.15,173.19
793-18-5272,Bernardo,Betho,Male,50.58,175.45
815-77-3740,Darius,Peers,Male,78.73,161.04
897-42-0907,Carol-jean,Paszak,Female,104.63,184.19
156-25-9069,Jasmine,Kedwell,Female,67.62,167.69
380-84-9207,Cecil,Geikie,Male,75.86,183.7
395-92-0276,Val,Mehmet,Female,106.25,176.97
277-57-7689,Carroll,McGilleghole,Male,89.72,151.39
602-23-4125,Beau,Hunston,Male,69.83,183.03
535-96-6797,Broddie,Cherrison,Male,94.85,178.23
766-80-5784,Dosi,Cridlan,Female,83.5,175.03
233-58-8932,Zorine,Dresser,Female,56.68,179.11
508-26-3782,Veronica,Blazej,Female,61.23,176.08
362-16-6404,Avram,Lindborg,Male,66.28,151.58
578-87-3005,Irma,Avrahamian,Female,105.5,186.89
203-51-7750,Kingston,Hyndman,Male,70.17,160.99
548-23-0443,Jo,Coad,Female,45.87,176.51
179-19-1122,Ferdinanda,Fellowes,Female,64.74,163.12
887-28-0187,Park,Teenan,Male,70.82,179.8
170-68-4529,Rudiger,Chidzoy,Male,65.96,172.7
274-17-9898,Pia,Gallemore,Female,96.27,186.56
400-25-2965,Helge,Lawles,Female,81.26,176.87
570-23-1692,Gale,Pithie,Female,61.45,179.09
467-32-8134,Reece,Seamons,Male,64.99,173.2
567-87-3595,Johnette,Baudi,Female,89.25,188.19
697-59-5911,Dillie,Padbury,Male,101.05,183.61
852-54-2321,Carmella,Lodemann,Female,98.2,188.37
204-10-7210,Kathleen,Laugheran,Female,102.09,153.88
669-16-3060,Lindsay,Goggin,Male,108.8,169.11
680-63-2260,Gloriane,Wehnerr,Female,94.97,178.16
148-84-8288,Guthry,Wolfenden,Male,83.86,183.5
199-58-0612,Skylar,Boldero,Male,52.79,160.64
349-31-1594,Avram,Groarty,Male,95.76,162.3
313-69-5259,Anett,Sanderson,Female,62.24,167.83
483-21-5751,Tracy,Cham,Male,84.78,159.79
761-10-9010,Bobby,Grewer,Female,95.25,178.74
125-91-3793,Ring,Liver,Male,84.77,167.61
647-95-9307,Karlene,Lipyeat,Female,51.81,173.12
311-85-5876,Eileen,Tennock,Female,74.2,169.42
142-75-4632,Fields,Darrigrand,Male,70.44,178.09
625-27-6114,Verla,Georgeon,Female,99.47,162.45
426-60-0308,Erv,Mordanti,Male,85.08,169.27
627-56-4071,Petronille,Cobbald,Female,79.43,156.09
426-03-7247,Thedrick,Polkinhorn,Male,59.86,151.55
688-26-5552,Sergent,Brixey,Male,84.14,158.52
543-91-8393,Gan,Jewett,Male,106.49,162.57
807-39-2897,Anna,Marron,Female,89.63,180.63
215-08-6566,Bobbie,Klimkin,Female,89.33,187.39
736-45-7202,Thomas,Sommerville,Male,108.71,152.08
237-59-1889,Bruis,Dat,Male,87.47,161.76
305-08-4294,Tonie,Krier,Female,106.05,154.28
232-99-7727,Shay,Wale,Female,96.48,159.57
391-03-0900,Chickie,Sowrey,Female,47.76,151.47
114-70-7908,Florentia,Itzkowicz,Female,105.04,170.9
501-69-0065,Deena,Ryde,Female,73.96,155.46
176-62-7960,Kristien,Duckering,Female,54.54,163.58
899-40-3328,Jeremias,Fairlamb,Male,99.85,182.12
557-39-2178,Fraze,Mose,Male,57.78,173.64
496-82-6268,Andra,Byer,Female,46.3,166.4
878-60-6520,Filia,Pounsett,Female,54.6,174.54
130-83-2480,Barrie,Barwack,Male,63.28,163.43
267-93-3296,Dixie,Skeen,Female,55.41,160.7
851-62-9729,Nataniel,Portigall,Male,107.15,183.68
838-84-5363,Raine,Yitzhok,Female,,
439-78-7237,Brodie,Ballentime,Male,61.56,156.43
558-52-6447,Minna,Kybert,Female,49.8,155.78
568-67-0365,Phip,Guisby,Male,62.74,156.84
591-93-8486,Rhona,Emmot,Female,45.16,165.36
679-17-7369,Aaron,Pridham,Male,91.2,176.38
870-74-6667,Roanna,Cropp,Female,50.22,166.25
277-39-9284,Renie,Phelan,Female,103.95,164.16
370-29-1433,Bibbie,Joiris,Female,60.43,177.65
118-85-9087,Micheil,Renzini,Male,92.56,176.34
751-17-4664,Angie,Lakenden,Male,61.6,183.02
490-12-5988,Burt,Cockren,Male,81.46,181.57
760-23-3332,Jerome,Yansons,Male,105.63,172.87
400-47-7180,Tildy,Swigg,Female,103.89,170.65
385-64-7419,Lennie,Moxstead,Male,100.84,161.24
653-13-0287,Randee,Corley,Female,51.25,181.0
792-55-2514,Venus,Tocknell,Female,64.05,169.44
759-91-4210,Jessa,Sancraft,Female,91.88,158.65
885-10-1744,Giorgi,Saveall,Male,49.05,179.43
137-27-7178,Fremont,McLinden,Male,77.86,157.6
319-78-7561,Janet,Ogelsby,Female,49.14,164.03
294-69-5558,Karia,Hawson,Female,107.95,159.07
510-99-7924,Nichols,Lippett,Male,89.36,171.88
847-51-2953,Matthew,Burdytt,Male,61.2,160.34
677-37-2698,Nil,Painswick,Male,77.46,180.84
350-63-8935,Phoebe,Beernt,Female,60.1,154.65
626-09-6111,Trever,Antonin,Male,68.85,166.12
206-39-4796,Lanette,Marikhin,Female,65.79,186.89
750-06-4259,Emery,Zima,Male,82.93,184.09
567-67-9293,Alyosha,Pettigree,Male,60.06,165.12
783-80-7876,Silva,Jilliss,Female,100.67,182.73
639-92-4252,Elvira,Poulston,Female,101.04,152.77
390-78-8486,Karole,Scole,Female,72.86,179.86
373-32-6022,Carlos,McIlwreath,Male,89.84,177.55
339-69-2350,Sofie,Hembry,Female,57.37,169.35
460-18-2700,Carlita,Krabbe,Female,59.58,179.33
219-94-5679,Mariellen,Hourigan,Female,68.79,187.43
197-75-3674,Morly,Hurt,Male,93.42,187.03
647-87-8676,Blakeley,Sommer,Female,86.37,159.58
129-45-1802,Cami,Zanazzi,Female,49.83,179.55
117-06-3352,Bartolomeo,Newiss,Male,105.88,182.21
879-43-3984,Clemmy,Ipsly,Male,45.32,164.52
152-79-9312,Meggi,Dahlbom,Female,107.68,173.34
782-65-6524,Harcourt,Collishaw,Male,94.15,184.32
198-61-9280,Eamon,Antonov,Male,47.51,188.22
249-71-6509,Yvon,Bayne,Male,71.61,170.49
877-41-7056,Antonino,Plan,Male,56.6,180.38
147-16-1387,Pryce,Jeanel,Male,59.15,170.83
731-24-5688,Paxon,Jikylls,Male,103.51,170.08
527-02-0595,Hurlee,Kowalski,Male,103.76,188.39
110-48-9407,Caressa,Haggart,Female,67.18,167.37
317-08-0757,Kandace,Giraudoux,Female,50.21,185.16
128-70-1741,Arda,Couzens,Female,86.79,172.2
811-23-5737,Mamie,Aland,Female,87.24,177.4
632-49-2399,Esdras,Maldin,Male,92.75,150.72
296-46-4543,Darcy,Pavolillo,Male,61.18,152.35
631-02-8359,Freemon,Santore,Male,94.93,180.55
527-31-7552,Cliff,Wrightim,Male,90.71,188.45
757-67-7457,Tammie,Signori,Male,108.14,159.25
750-37-6628,Clarissa,Endrighi,Female,82.84,167.12
557-52-6771,Teodoor,Daftor,Male,88.67,180.69
454-24-3275,Halimeda,Mayou,Female,63.03,175.05
272-55-7462,Kristian,Amps,Male,80.46,186.37
851-61-0743,Nappie,Hinstridge,Male,81.24,151.62
515-33-9986,Mattias,Hannabus,Male,73.08,151.99
800-48-6698,Leodora,Baselli,Female,81.54,156.02
225-02-7101,Ibrahim,Trew,Male,70.04,153.8
566-31-1028,Kris,Franzke,Female,,
604-20-0054,Harmony,Crutch,Female,77.87,183.24
107-18-2265,Nerissa,Trevon,Female,81.49,155.73
491-48-9672,Jere,Jina,Female,48.86,180.92
549-28-9721,Findley,Buy,Male,50.53,162.94
310-02-6175,Zelig,Feldklein,Male,83.41,158.58
584-30-5680,Mohandis,Gilardoni,Male,49.78,165.22
257-35-3460,Benyamin,Godthaab,Male,79.58,176.87
282-27-2959,Eduardo,Plevey,Male,57.6,174.37
420-53-7550,Fran,Chaplyn,Male,80.94,162.33
171-59-7620,Erie,Pavek,Male,70.2,173.87
240-55-4147,Layne,Robertshaw,Female,48.63,150.42
813-63-5301,Ben,Mighele,Male,109.01,188.46
842-09-4198,Lisette,Titley,Female,48.09,177.82
358-55-0189,Keenan,Mattosoff,Male,83.91,161.87
525-14-4569,Hartley,Grinyov,Male,55.13,166.85
869-58-0665,Carole,Tummasutti,Female,102.23,150.64
648-84-0797,Basilio,Dimblebee,Male,96.77,164.6
333-25-6712,Townsend,Bold,Male,98.82,174.32
195-83-3188,Marthe,Peterken,Female,51.48,163.0
618-65-3832,Glori,Exton,Female,93.09,181.24
600-56-2639,Lanna,Andrey,Female,47.89,174.43
708-28-7353,Edythe,McCloy,Female,67.38,186.61
696-05-4776,Elliott,Garrett,Male,90.1,160.63
781-04-9217,Seamus,Szimon,Male,108.81,167.23
110-35-5795,Darren,Buske,Male,89.55,175.28
373-73-4583,Tori,Toquet,Female,71.09,175.92
331-08-6119,Homere,Morrison,Male,100.97,152.31
550-28-6768,Paco,Tamburo,Male,79.66,182.93
859-16-6037,Cele,Grumell,Female,72.73,168.68
730-37-1253,Katinka,Arton,Female,68.47,169.78
847-24-3825,Lilah,Artiss,Female,65.81,175.93
350-35-3212,Wendy,Glanester,Female,51.61,177.01
359-49-5896,Aldon,Vallow,Male,49.96,152.81
259-28-1820,Vassily,Svanini,Male,81.9,170.45
683-25-1813,Jimmy,Carayol,Male,100.2,180.2
496-60-0046,Cece,Petroff,Male,45.3,151.25
203-29-6809,Gustavus,M'Chirrie,Male,105.25,189.46
384-59-1979,Selestina,Sturror,Female,48.14,189.25
591-73-4728,Bab,Gresswell,Female,91.64,165.8
753-89-8410,Yulma,Allibon,Male,83.2,161.33
886-02-0794,Terence,Bold,Male,54.54,173.36
183-62-4187,Bellanca,McGreal,Female,90.15,176.0
283-33-7176,Darice,Westphalen,Female,102.75,173.12
526-82-4140,Zorine,Rickwood,Female,84.32,159.01
639-36-2094,Bili,Ellingford,Female,54.76,187.68
613-48-3101,Ronalda,Chettle,Female,88.53,156.73
849-71-1676,Teriann,Dishman,Female,52.42,172.63
275-10-3007,Berta,Frazer,Female,45.36,188.31
662-80-3184,Abramo,Godart,Male,53.77,161.24
690-98-3829,Coletta,Hedman,Female,96.7,152.26
211-66-8749,Boyce,Maskrey,Male,88.17,186.37
338-70-9381,Alleen,Witul,Female,53.98,156.61
796-11-0459,Lauralee,Collinette,Female,75.09,161.58
782-78-0469,Abraham,Landrean,Male,85.23,167.19
520-44-9321,Reyna,Philbrick,Female,77.53,163.65
156-62-5525,Maighdiln,O'Sharkey,Female,82.84,175.03
235-68-3327,Thaddus,Martinetto,Male,103.78,174.55
492-48-3407,Lorianna,Turban,Female,98.95,166.37
347-56-2248,Corri,Tibbetts,Female,107.99,160.26
353-19-5261,Renae,Jeckells,Female,89.43,169.5
334-39-7352,Kylie,Dunphie,Male,48.41,187.66
374-03-8695,Christina,Annets,Female,55.58,165.64
806-31-6163,Chickie,Sweeney,Male,70.72,176.54
768-67-8052,Patrizius,Stoodale,Male,59.91,177.48
690-82-6558,Genni,Childs,Female,54.21,184.27
827-63-7366,Danya,Lambarton,Female,59.98,188.8
173-03-0157,Dino,Clapshaw,Male,47.32,158.6
796-02-3571,Wyatan,Janku,Male,55.89,157.06
520-23-3030,Alick,Grossier,Male,100.58,172.27
159-49-6908,Kylie,Flieg,Female,69.03,163.25
541-41-6027,Garwin,Cawkwell,Male,109.75,159.59
127-89-7801,Patten,Suggey,Male,62.97,160.82
625-94-5421,Evonne,Hulstrom,Female,99.99,181.23
210-35-8962,Agace,Gude,Female,105.85,184.61
771-05-4223,Susanne,Breton,Female,76.58,181.04
699-47-5045,Clementina,Costanza,Female,101.31,177.53
156-67-1490,Obidiah,Bineham,Male,48.27,181.53
256-12-5794,Nappy,Bravington,Male,69.46,184.42
421-15-3600,Gwendolen,Couvet,Female,54.83,181.21
656-69-2713,Josh,Laflin,Male,96.34,165.54
798-44-8182,Arlina,Gregoire,Female,85.64,177.72
291-35-9020,Ezekiel,Santostefano.,Male,99.1,185.74
749-84-1936,Bette-ann,Urien,Female,90.25,170.12
772-60-7563,Cart,Sillett,Male,71.09,170.4
304-57-3944,Hartley,Eyckelbeck,Male,85.4,166.79
436-67-4080,Alano,Noury,Male,85.07,173.7
333-19-8266,Bertina,Larrett,Female,53.8,160.6
189-20-3944,Ronnie,Dubose,Female,95.44,170.82
636-26-8329,Mamie,Hele,Female,73.59,169.85
431-77-2497,Karlotta,Lewsam,Female,96.98,178.09
741-06-3303,Guillemette,Raddin,Female,63.77,160.14
142-02-3827,Husein,Stuther,Male,92.77,158.06
711-94-2441,Phelia,Ingman,Female,105.32,163.59
740-65-5748,Luciano,Beetham,Male,98.71,180.15
258-34-6247,Vera,Karlicek,Female,45.27,164.9
104-63-4221,Ev,Kaasman,Male,54.63,186.86
536-02-1911,Gussy,Ousbie,Female,81.74,179.73
400-70-8086,Flore,Jockle,Female,93.81,181.5
854-16-1000,Constantine,Egan,Female,58.42,150.64
799-75-6943,Aristotle,Shiliton,Male,47.58,169.06
441-22-8975,Clementius,Freake,Male,103.3,174.22
197-33-3632,Egan,Fauning,Male,54.54,162.62
249-47-6300,Barbaraanne,Corbert,Female,104.72,180.32
729-27-1971,Flossie,Dent,Female,106.29,181.19
194-98-8388,Mick,Brose,Male,85.29,184.16
695-63-3223,Arabelle,Sherrard,Female,54.93,184.97
528-33-0784,Maxie,Frederick,Female,109.72,158.25
306-94-9068,Camila,Jills,Female,74.73,173.33
370-65-5070,Victoir,Willets,Male,108.55,157.0
650-64-2807,Vassili,Trenam,Male,57.91,174.08
720-19-4536,Nollie,Dyka,Male,65.81,151.85
163-96-9422,Budd,Sauven,Male,52.46,182.11
292-79-4459,Pietro,Hintzer,Male,49.57,178.1
339-33-5735,Reilly,Roggero,Male,87.36,153.45
633-34-9228,Alwin,Branni,Male,76.86,157.96
561-38-1331,Mirabella,Frid,Female,88.76,150.49
336-87-5115,Trent,Beaument,Male,84.82,156.15
429-91-5252,Ezequiel,Hrachovec,Male,50.35,179.16
572-83-6857,Emlynn,Furlong,Female,57.68,156.83
322-52-3580,Lucais,Terrett,Male,47.61,179.29
838-44-9512,Farrah,Sampson,Female,107.71,150.08
382-56-4133,Arch,Bernette,Male,54.2,169.05
701-38-5422,Antonius,Henrichsen,Male,57.84,157.61
450-06-4336,Clair,Grimbleby,Male,94.46,163.16
760-66-9352,Wilone,Strickler,Female,72.4,165.12
646-48-0578,Mersey,Cory,Female,108.61,156.93
781-79-6330,Arturo,Pencot,Male,66.08,159.92
801-95-8276,Jethro,Osmon,Male,91.0,167.3
142-81-9046,Camila,Wadeling,Female,108.85,171.22
863-46-2529,Nikkie,Canedo,Female,103.89,180.81
825-20-6208,Archaimbaud,Twydell,Male,106.71,179.43
298-04-8565,Darda,Liveing,Female,80.59,187.56
540-54-7892,Lars,Oertzen,Male,83.59,165.44
764-98-8435,Raoul,Hildred,Male,67.02,150.5
847-14-2184,Guglielma,Johnsson,Female,88.51,169.61
556-92-6965,Kally,Brea,Female,82.55,181.51
302-40-4405,Kay,Accombe,Female,86.95,171.68
200-75-1147,Olympie,Argue,Female,102.84,178.39
360-29-3372,Corbett,Bole,Male,98.98,153.26
528-29-6418,Blake,Dray,Female,79.56,158.85
395-03-6685,Tove,Drewitt,Female,54.7,186.77
396-75-1678,Dorise,Flint,Female,90.33,177.69
682-60-7401,Symon,Godin,Male,60.2,172.23
190-37-1428,Hodge,Averay,Male,103.62,181.9
733-34-8264,Ora,Clevely,Female,79.22,151.85
864-33-9052,Essie,Ugolini,Female,91.47,180.87
206-60-0597,Donn,Tebbet,Male,93.14,170.37
687-32-2396,Priscilla,Brandon,Female,100.65,165.02
665-75-6134,Olwen,Bastie,Female,55.59,160.94
845-87-6382,Hadley,Pennaman,Male,98.66,152.65
457-07-2958,Clari,Macauley,Female,89.38,185.39
418-56-4912,Dennison,Grice,Male,49.08,156.78
285-20-3230,Emyle,Howman,Female,64.92,178.85
792-65-7623,Edsel,O'Fearguise,Male,58.18,168.48
438-65-3218,Kelwin,Wheeliker,Male,70.16,167.04
374-47-1906,Tony,Cove,Female,70.65,182.6
589-07-4874,Dorelia,Plumridge,Female,67.64,150.07
521-35-8677,Albie,Consterdine,Male,96.5,151.54
636-39-5954,Booth,Ech,Male,88.47,182.52
517-90-2131,Lodovico,Smolan,Male,107.25,156.56
486-17-7057,Louie,Dinzey,Male,76.89,153.27
303-89-5957,Paul,Tredget,Male,82.88,161.38
494-55-6028,Earvin,Haldenby,Male,72.52,160.28
178-80-1682,Diana,Brandsma,Female,100.05,153.49
500-41-8063,Bent,Abdie,Male,81.54,175.43
143-74-2801,Jammie,Rathbone,Female,82.6,184.23
440-93-0439,Win,Greatorex,Male,56.18,155.96
294-31-4532,Torin,Mulvany,Male,45.57,161.86
369-28-4179,York,Scohier,Male,75.5,177.48
868-86-7144,Madelon,Dioniso,Female,90.44,182.97
414-88-5633,Nickolaus,Packe,Male,86.09,163.81
321-22-1777,Maure,Mazzia,Female,97.53,176.98
286-54-1681,Rhonda,Strang,Female,62.05,155.83
514-72-3784,Harry,Matic,Male,70.6,159.61
127-80-3106,Leia,Fincken,Female,67.1,189.81
769-72-3695,Frasquito,Hadaway,Male,73.63,154.16
180-52-6323,Jesse,Cassin,Male,68.16,151.06
865-52-5939,Elnore,Deyenhardt,Female,87.43,178.79
788-19-5191,Patty,Graundisson,Male,47.19,179.92
381-31-7878,Giustina,Hinkensen,Female,91.85,166.83
751-34-6942,Gail,Bayston,Male,,
618-97-6269,Osbourn,Gordon,Male,85.67,167.82
110-88-7448,Davey,Le Blanc,Male,94.23,166.93
111-31-8493,Findley,Boreland,Male,96.71,168.8
232-77-6938,Perl,Loxly,Female,46.94,174.33
592-89-5764,Niccolo,Capell,Male,53.5,160.24
441-36-6253,Leshia,Ianelli,Female,48.86,172.48
482-40-7030,Celestia,Pestell,Female,76.25,187.19
641-23-5526,Carleton,Mosten,Male,109.31,182.35
387-81-5286,Yankee,McMorran,Male,47.18,167.7
117-30-1787,Dale,Gogan,Female,107.33,188.01
807-20-2394,Alla,Sams,Female,69.09,167.79
719-70-9316,Kellen,Cairns,Female,65.77,161.4
645-80-8413,Gizela,Pittwood,Female,60.38,153.71
360-31-7284,Lucine,Tailby,Female,65.42,164.71
568-05-1318,Nelie,Kitteman,Female,84.63,168.52
873-09-8497,Renelle,Dreelan,Female,100.14,182.79
485-13-6677,Bentley,Howitt,Male,68.75,160.93
589-72-3968,Fernando,Monteath,Male,48.94,181.77
547-68-9755,Noll,Southouse,Male,88.23,176.28
512-22-6573,Faydra,Loud,Female,58.45,162.99
115-56-7294,Etienne,Clemmitt,Male,72.71,157.53
565-28-7324,Duff,Smurfitt,Male,64.54,168.26
452-80-2783,Ivett,Dirand,Female,83.75,171.34
449-34-3482,Norbie,Schwant,Male,81.66,183.5
182-79-6358,Karolina,Hofner,Female,67.85,164.58
226-69-1780,Wallas,Bernocchi,Male,63.02,178.09
151-39-9111,Brennan,Skillman,Male,107.89,186.93
138-75-0143,Adan,Presnell,Female,99.31,181.98
615-13-7419,Euell,Harcourt,Male,76.29,151.69
856-99-6926,Arvie,Challen,Male,68.93,164.27
501-42-7042,Adam,Mains,Male,88.46,183.12
781-34-2793,Madelaine,Baskeyfied,Female,100.89,187.98
722-99-3335,Osmond,Roxburch,Male,86.9,161.86
854-78-8045,Selene,Aliman,Female,90.86,158.18
543-77-9318,Gerick,Skerman,Male,61.77,188.39
787-03-2094,Timmy,Bride,Male,99.92,156.73
774-71-1487,Kelcie,Humpage,Female,71.99,153.46
240-74-1743,Sara,Trenouth,Female,105.72,184.46
532-57-4876,Mallory,Fasham,Male,57.44,182.97
591-43-7029,Ermina,Vickery,Female,81.98,159.42
743-11-6959,Vania,Malitrott,Female,93.63,171.58
596-93-2019,Rhonda,Skoate,Female,62.54,171.16
403-89-6821,Franny,Casserley,Female,108.67,172.79
394-56-3667,Joelynn,Brouwer,Female,78.5,153.24
464-10-0347,Mirna,Feldbaum,Female,59.27,168.86
548-50-6412,George,Garrad,Female,100.45,183.45
539-58-7292,Camila,Gonsalvo,Female,95.78,169.77
682-11-8234,Darelle,Nears,Female,104.4,188.2
365-58-5723,Gillian,Good,Female,47.43,150.66
388-86-3872,Craig,Layson,Male,68.26,186.57
816-49-6559,Noby,Horrigan,Male,45.5,173.22
521-27-8781,Sam,Bawcock,Male,89.35,154.53
304-74-1133,Jose,Mathieu,Male,107.63,171.85
634-62-9771,Lay,Torbet,Male,108.71,172.66
590-30-8535,Johnna,Treble,Female,63.18,152.46
315-95-3323,Catina,Gunton,Female,83.46,181.49
611-25-5376,Shayla,Jinkins,Female,103.48,153.87
496-69-0218,Maureene,Varran,Female,85.77,152.88
337-09-6905,Aharon,Heaps,Male,59.71,159.13
255-71-5437,Stanislas,Baudains,Male,67.61,182.08
491-86-9059,Felicio,Ashard,Male,95.59,174.78
384-66-6972,Kordula,Meenan,Female,77.88,171.87
593-40-1875,Elisabetta,Matschuk,Female,96.17,176.75
834-68-9915,Cassie,Nealon,Male,52.07,187.25
285-76-2231,Elmer,Dilland,Male,85.46,154.23
192-38-4120,Brandyn,Zanicchelli,Male,99.62,153.67
313-41-8073,Jacky,Allworthy,Male,75.23,188.6
850-17-5102,Galina,Guppy,Female,82.23,177.13
559-99-8212,Eben,Matitiaho,Male,68.96,181.41
727-75-4249,Camey,Cromie,Male,47.95,161.7
569-96-4491,Rafaellle,de Broke,Male,61.94,159.78
378-69-9668,Eldridge,Helder,Male,77.53,177.31
668-78-4053,Aleksandr,Estcot,Male,98.52,173.58
533-21-7732,Ashleigh,Ruslinge,Female,85.85,162.72
763-39-6289,Hillier,Adriani,Male,60.44,169.89
304-42-1340,Robinia,Jellett,Female,109.94,180.91
834-21-7454,Art,Trustrie,Male,51.97,171.29
617-79-3276,Horacio,Massei,Male,80.78,161.47
778-84-7348,Valenka,Megainey,Female,49.9,156.04
639-84-0576,Tessa,Swabey,Female,56.41,180.18
704-85-6846,Umberto,Wimsett,Male,50.91,153.78
704-43-8225,Pierson,Philippon,Male,75.62,177.01
426-36-2144,Jamil,Sibary,Male,47.88,164.41
572-23-4967,Carleton,Fulop,Male,107.34,158.69
753-83-6363,Louisa,Grain,Female,107.74,173.76
885-34-2130,Germaine,Ballinghall,Male,52.64,174.18
808-03-1479,Lona,Simionescu,Female,,
234-56-1117,Giacinta,Attride,Female,64.88,155.02
623-81-4179,Shep,Batchelder,Male,78.77,165.14
601-39-5240,Ozzie,Clews,Male,70.11,158.61
474-70-3332,Merlina,Poore,Female,100.96,189.89
860-15-7546,Saundra,Adriani,Female,62.41,174.48
218-36-7740,Allistir,Corry,Male,49.0,181.7
873-39-8306,Inge,Suggey,Female,109.16,178.69
427-77-3052,Chiquia,McLise,Female,45.81,152.25
381-65-9317,Gregor,Jotcham,Male,49.25,175.58
477-35-6538,Lisabeth,Gooderidge,Female,104.39,155.47
521-07-8934,Marjorie,Duffield,Female,45.06,154.3
192-23-8772,Devonne,Sandison,Female,59.18,183.97
628-58-8027,Carri,Raggett,Female,85.05,159.94
207-28-0389,Townie,Bickley,Male,52.17,167.11
384-15-7490,Larry,Swinyard,Male,93.14,171.2
251-20-6505,Correna,Bellenger,Female,59.96,163.78
847-73-5136,Maurise,Kitlee,Male,45.78,175.31
751-31-5031,Shae,Idiens,Male,98.95,151.35
215-02-8198,Darryl,Looks,Male,73.83,160.32
381-53-8611,Kareem,Roughley,Male,61.72,180.49
528-27-0799,Florrie,Bleackly,Female,61.89,178.13
644-35-2184,Bette-ann,Orrow,Female,57.8,180.77
275-08-1664,Adella,Playdon,Female,79.12,172.24
595-48-0186,Hally,Edbrooke,Female,77.17,173.42
160-64-8103,Claudie,Hurndall,Female,73.07,162.31
894-37-5232,Shana,Gaunt,Female,107.88,181.24
591-64-8385,Waldemar,Girardot,Male,77.45,169.5
382-61-8420,Bessie,Bissill,Female,75.13,152.78
552-58-0498,Celina,Middup,Female,85.16,178.74
120-34-1386,Jeramie,Setter,Male,98.56,183.01
303-66-1086,Tonya,Basill,Female,51.25,187.11
744-34-6974,Malynda,Pirri,Female,61.95,178.05
593-14-5301,Stanwood,Burgyn,Male,106.69,176.25
559-67-3658,Veradis,MacClancey,Female,52.32,167.45
100-54-5909,Boniface,O'Scollain,Male,58.51,169.58
398-38-0931,Verna,Loreit,Female,109.31,178.82
376-78-7224,Emma,Buxey,Female,66.61,175.87
293-58-0664,Stanleigh,Giggie,Male,48.28,186.56
150-24-0264,Jaquelyn,Ebbings,Female,55.53,152.26
244-41-6655,Kiley,Lewins,Male,76.11,155.19
343-93-4690,Wainwright,Shorthouse,Male,95.67,173.64
485-71-8882,Franciska,Roskruge,Female,47.12,150.56
229-04-8394,Caspar,Hooks,Male,103.46,164.61
164-38-7913,Lamar,Marflitt,Male,60.81,189.74
388-92-9459,Marigold,Spiers,Female,78.96,162.66
838-27-9568,Frederick,Faucett,Male,84.49,155.89
404-95-2422,Almire,Kimmerling,Female,45.83,163.49
400-02-0786,Johnathon,Sumpter,Male,92.51,181.53
517-36-8022,Kaspar,Bullerwell,Male,90.42,151.12
772-57-9930,Nan,Sedworth,Female,104.7,187.32
468-77-7527,Zonda,Kiffin,Female,102.41,169.02
341-32-2786,Audre,Boyse,Female,61.39,176.29
426-42-1029,Pincus,Cockton,Male,81.01,171.68
573-44-8073,Roddy,Tanzer,Male,,
751-45-9410,Wally,Kidston,Male,92.12,160.0
715-27-6295,Chic,McCarty,Male,88.99,165.28
511-17-1976,Denyse,Montel,Female,87.74,154.01
758-15-5240,Darren,Matiashvili,Male,58.87,165.13
626-14-2372,Amos,McCrum,Male,55.5,179.76
711-58-9911,Sibel,Adelberg,Female,63.84,170.77
897-20-0311,Pierson,Siebart,Male,105.7,174.75
137-41-8532,Dew,Erickssen,Male,90.53,159.84
648-11-9850,Vinita,Maccaddie,Female,73.43,182.12
579-08-6672,Seamus,Slemmonds,Male,64.65,150.92
313-55-1455,Melitta,Tidgewell,Female,75.9,185.34
180-93-3521,Winston,Monte,Male,67.19,176.29
203-90-6543,Ramonda,Robken,Female,65.88,158.29
508-53-4597,Dee dee,Hauger,Female,75.86,158.49
160-59-3683,Wandis,Luthwood,Female,76.29,158.45
725-47-3681,Beatriz,Bonar,Female,50.43,173.01
789-53-4432,Malia,Petegree,Female,76.64,167.06
141-67-5980,Roddie,Comazzo,Male,88.63,181.83
829-88-4849,Flory,Upjohn,Male,73.76,187.08
747-76-6249,Sollie,Martlew,Male,106.33,173.74
663-67-1399,Ofilia,Brandreth,Female,68.43,158.55
510-39-7521,Rice,Bodycombe,Male,71.02,154.83
257-23-6422,Skippy,Lloyd,Male,108.13,150.12
670-39-3658,Suzann,Woodrough,Female,53.47,179.75
843-89-0065,Early,Antonikov,Male,108.37,160.99
381-13-4699,Jana,Daynter,Female,45.96,161.33
400-67-3975,Issy,Dachey,Female,106.35,156.87
792-16-5507,Bank,Alderwick,Male,76.17,179.23
732-61-2507,Cheston,McAvin,Male,85.58,184.53
266-87-4184,Vanda,Asple,Female,106.34,183.01
433-32-7055,George,Fache,Male,61.55,166.4
773-10-4500,Marget,Ower,Female,,
712-34-5166,Teodoor,Otham,Male,,
191-44-8102,Jennica,Pinfold,Female,46.09,166.83
650-42-4453,Haven,Twidle,Male,102.46,178.06
293-90-2096,Bettina,MacGilpatrick,Female,,
720-81-4957,Clarke,Sackur,Male,58.09,178.77
565-04-9432,Des,Portman,Male,109.05,157.08
895-95-7563,Mitzi,Campo,Female,90.89,172.1
137-99-3767,Betti,McKim,Female,62.56,182.81
175-92-8692,Lu,Kubat,Female,74.56,169.77
727-88-4329,Patricia,Falconbridge,Female,48.94,150.62
562-66-0283,Garald,Chaplain,Male,103.59,155.19
890-26-5923,Saxon,Broadis,Male,90.28,182.84
136-68-8831,Trey,Dods,Male,56.14,155.04
724-97-6148,Morena,Thirwell,Female,89.76,162.58
733-78-6447,Karlyn,Kitchenside,Female,64.37,169.33
751-30-7312,Vinny,Mushet,Male,83.74,174.17
106-58-8456,Farlay,Riolfi,Male,79.46,189.71
250-06-9881,Taddeo,Husselbee,Male,101.77,156.64
768-94-8445,Archaimbaud,Corneck,Male,52.32,172.97
820-85-8398,Kurt,Biskup,Male,72.8,189.4
707-45-5247,Lewie,Goodee,Male,89.07,162.33
485-93-9531,Elisa,Snaddon,Female,75.02,171.1
726-03-8131,Archie,Tulleth,Male,51.18,174.53
349-90-2576,Reinwald,Henrych,Male,66.04,173.17
792-10-3564,Mary,Caunter,Female,70.56,189.5
725-28-9354,Orlando,Conklin,Male,52.07,183.04
818-42-2926,Nonah,Schollick,Female,73.57,184.3
875-49-1966,Valenka,McCudden,Female,97.21,181.39
882-80-5419,Ruth,Lago,Female,92.5,160.27
604-97-7804,Lek,Bage,Male,108.86,166.26
538-39-3425,Maison,Gatus,Male,81.9,154.58
588-50-2004,Elmo,Finessy,Male,55.89,189.79
558-89-3019,Jervis,Persich,Male,,
861-01-5633,Kirbie,O'Lenane,Female,74.4,174.59
437-21-2973,Pamela,Churcher,Female,53.89,162.4
818-61-4358,Rosco,Coneley,Male,59.71,156.44
520-59-1437,Vivie,D'Aguanno,Female,47.19,163.1
401-82-9475,Moss,Byham,Male,107.15,179.37
603-33-4142,Lennard,Bunhill,Male,73.77,177.59
104-07-8532,Lettie,Wollaston,Female,100.57,179.17
658-79-0196,Chiarra,Lincke,Female,92.49,155.24
813-16-3584,Debera,Dabels,Female,92.54,179.14
770-27-7146,Bail,McGlew,Male,59.41,166.62
344-85-0219,Luce,Asher,Male,87.48,172.65
893-65-0983,Roberto,Petrello,Male,107.65,150.56
287-68-8324,Alida,McMenamie,Female,90.03,156.51
629-97-0965,Melessa,Slator,Female,99.04,188.87
759-24-2970,Richie,Doodney,Male,51.96,186.4
836-52-1927,Amery,Loughran,Male,82.32,170.69
892-74-3447,Mace,Rope,Male,59.95,175.72
427-01-6264,Lorant,Nunnerley,Male,83.59,180.31
511-98-1377,Traci,Augie,Female,84.59,162.06
430-80-3114,Bartram,Lydster,Male,106.78,176.87
588-68-8561,Thaxter,Ussher,Male,80.08,158.31
700-56-0096,Guglielma,Halladey,Female,51.92,167.82
712-70-2339,Norma,Bernasek,Female,106.88,181.72
455-42-5408,Garik,Hawkings,Male,105.44,161.52
893-38-0430,Brig,Rubbens,Male,60.12,159.05
839-45-1432,Walliw,Lanchberry,Female,64.05,179.02
319-42-0794,Abbot,Micallef,Male,75.52,183.49
200-83-4918,Kalle,Olufsen,Male,59.22,169.53
209-09-1856,Gui,Straun,Female,105.11,168.1
557-43-0762,Shep,Heathcote,Male,109.78,167.62
882-06-9685,Arie,Killingworth,Male,72.16,152.26
755-61-1327,Brad,Vanlint,Male,58.46,188.56
205-89-5823,Alphonso,Laurenceau,Male,83.52,187.06
860-42-0941,Alister,Cattel,Male,52.74,188.39
623-55-3040,Andreas,Celier,Male,53.5,158.11
692-59-3643,Abbot,Weedall,Male,45.77,175.51
248-52-1641,Gearalt,Kelcher,Male,47.15,168.76
502-86-1476,Ethe,Rajchert,Male,83.56,152.9
167-65-5190,Eloisa,Kroger,Female,78.81,164.5
661-86-9332,Crystie,Taks,Female,86.3,187.96
300-01-7138,Daile,Mercik,Female,53.47,171.88
691-20-3351,Timothee,Ellar,Male,59.27,176.43
765-09-2476,Rahel,Crackett,Female,46.38,175.31
569-25-1840,Orrin,Stokoe,Male,77.41,189.79
755-54-5524,Addia,Bynert,Female,61.06,174.25
531-01-4744,Myrilla,MacIlurick,Female,97.03,163.85
415-50-7220,Sanderson,Cotte,Male,83.09,187.37
464-97-4148,Worth,Loakes,Male,70.88,180.16
335-41-8472,Nicolea,Gurton,Female,109.13,176.34
365-23-1163,Sigismundo,McCloud,Male,109.95,180.94
160-12-9272,Corbett,Lambin,Male,72.99,163.16
822-22-9903,Arnie,Klinck,Male,89.31,172.28
721-61-5585,Bianca,Shay,Female,64.91,178.24
146-98-5542,Karola,Heustice,Female,46.8,161.66
591-50-2413,Elfie,Brackenridge,Female,94.66,154.72
384-08-8670,Elinore,Corp,Female,89.53,157.69
685-03-9165,Abram,Dominik,Male,61.68,169.12
698-13-2089,Thaddeus,Laye,Male,89.97,171.51
282-17-3418,Aldis,Pickston,Male,61.46,157.83
411-57-1422,Benjy,Challener,Male,98.89,167.15
261-51-5040,Nathanial,Groveham,Male,64.25,178.86
203-34-6968,Gran,Lermouth,Male,93.58,178.35
637-71-0948,Leandra,Hearn,Female,96.36,179.23
221-32-2783,Gerek,Blanning,Male,62.47,177.06
712-62-9596,Dominique,Causier,Male,92.33,172.06
861-35-0802,Jecho,Leethem,Male,45.17,172.04
549-81-4698,Barnie,Monger,Male,74.4,178.03
818-86-5061,Ansel,LLelweln,Male,83.64,161.29
853-04-6619,Pearline,Blakeley,Female,82.71,169.03
162-43-2050,Leanna,Seagrave,Female,51.42,173.31
129-67-3584,Nada,Ingle,Female,73.12,175.87
787-97-3848,Frazier,Badman,Male,79.52,168.68
289-26-3425,Margalo,Boissier,Female,56.67,160.04
860-09-9260,Winston,Bouskill,Male,64.44,181.37
787-38-0548,Brent,Bernardotte,Male,65.66,157.99
788-40-5597,Angelina,Darley,Female,60.22,189.84
612-08-3764,Carroll,Gipp,Female,73.92,159.62
495-91-6165,Orren,Dicker,Male,67.19,177.67
352-98-8434,Loy,Moylane,Male,62.44,160.55
378-41-6668,Karlyn,Kleyn,Female,47.66,177.74
648-36-3415,Jesus,Feye,Male,61.55,173.34
226-81-2558,Duncan,Breens,Male,59.7,150.57
756-81-9287,Jesselyn,Wetter,Female,102.53,183.22
612-05-8432,Florry,Yurasov,Female,57.06,187.08
810-06-7239,Daisi,Tumbelty,Female,79.77,161.72
753-63-7452,Trumaine,MacMoyer,Male,80.74,188.4
100-19-5246,Toni,Venard,Female,57.5,159.61
381-62-8284,Beulah,Reboul,Female,75.56,159.43
381-97-7295,Rollie,Coaker,Male,66.86,155.2
517-81-9627,Stephannie,Haysham,Female,54.65,171.04
784-39-4408,Addy,Mussard,Female,88.61,186.7
818-20-0305,Cheston,Peer,Male,109.45,165.46
301-18-4623,Finley,Causnett,Male,63.16,161.44
667-66-5646,Warden,Harome,Male,53.97,180.91
608-50-5099,Kort,Gernier,Male,75.01,152.23
596-59-2897,Odette,Ruger,Female,73.61,168.22
295-27-5430,Kelvin,Bliben,Male,56.16,176.62
695-13-4470,Kaspar,Tireman,Male,84.08,160.77
173-82-2023,Constantino,Everil,Male,64.02,186.54
412-23-6076,Cordell,Oldland,Male,81.9,151.5
231-52-5824,Aime,Byllam,Female,48.27,164.64
196-56-0001,Audrey,Coche,Female,81.24,168.43
192-49-9982,Danny,McNaughton,Female,48.89,172.48
313-24-3666,Pablo,Mc Meekan,Male,68.68,187.27
107-25-8293,Nat,Flewan,Female,92.41,161.76
300-37-2700,Ella,Berryann,Female,93.3,163.94
550-96-7635,Spense,Crone,Male,87.71,169.7
749-71-8243,Raddy,Capewell,Male,68.12,185.2
193-73-3575,Muhammad,Cunnah,Male,54.3,154.42
360-13-4974,Harrietta,Boulstridge,Female,108.54,178.56
861-86-9282,Coretta,Mary,Female,66.12,174.09
157-46-0541,Khalil,Archley,Male,60.29,165.76
388-95-1682,Katrine,Slopier,Female,68.21,186.01
172-18-4973,Alfred,Exrol,Male,54.67,170.12
204-48-4623,Torrence,Crownshaw,Male,87.58,168.89
318-91-3455,Ettie,Wildash,Female,70.61,163.41
340-20-1560,Frasier,Hamlin,Male,74.98,171.68
807-68-2355,Farr,Kleinplac,Male,101.36,185.96
502-31-0361,Jess,Longrigg,Male,63.62,168.71
343-30-8229,Marchall,O'Hara,Male,60.21,183.59
335-64-6074,Rene,Testro,Female,69.51,161.91
635-34-4369,Daria,Kayzer,Female,64.18,188.67
897-73-5909,Duane,Szapiro,Male,73.87,151.39
263-72-4334,Elmo,Colthard,Male,47.78,172.5
799-15-6329,Bobbye,Wixey,Female,60.77,174.29
574-63-1205,Colman,Pilipyak,Male,89.21,154.17
802-81-7012,Valene,Maylor,Female,108.88,167.88
533-24-0477,Mylo,Chamney,Male,54.04,172.97
449-09-6603,Dayle,Baume,Female,97.04,173.49
800-21-0360,Gabi,Jozwik,Male,81.74,177.88
748-37-2708,Lyndy,Perillio,Female,106.31,160.21
772-72-2641,Flossie,Weepers,Female,,
853-89-7734,Bord,Spalton,Male,94.89,159.42
603-89-8728,Pippa,Bobasch,Female,63.67,162.8
747-32-2811,Seline,Deinhard,Female,58.63,176.89
108-33-8099,Ches,Haney`,Male,49.37,173.16
515-06-8376,Don,Legan,Male,100.67,152.71
555-10-5300,Lemmy,Getley,Male,,
180-88-6799,Letizia,Mandry,Female,66.18,188.83
539-17-8404,Chelsae,Scurman,Female,81.49,189.41
182-87-4873,Porty,Georger,Male,74.04,176.02
812-44-1533,Rora,Clover,Female,67.2,187.01
135-10-8783,Guthrie,Fearnehough,Male,98.71,163.85
588-38-8090,Tannie,Jellyman,Male,72.37,184.63
696-05-1295,Lizabeth,Woodyear,Female,103.66,188.23
592-40-6587,Estella,Dimnage,Female,54.78,173.69
447-20-2291,Donnie,Chadburn,Female,91.93,180.35
145-04-4361,Brent,Bebb,Male,61.54,172.97
203-24-5749,Alford,Dunphy,Male,103.84,162.06
569-23-3079,Kori,Swede,Female,52.28,175.65
606-88-7929,Jennine,Lydford,Female,107.39,176.41
705-62-0595,Clayton,Bernardet,Male,93.08,183.39
831-68-8834,Juliann,Earie,Female,66.68,154.7
618-52-1780,Sigismund,Vaughten,Male,97.16,159.26
839-33-6366,Darby,Swannie,Male,62.86,177.04
861-46-5329,Lorilee,Ritter,Female,46.8,179.73
622-66-0978,Delilah,Boles,Female,100.45,188.89
650-31-7196,Vinny,Osbidston,Female,75.05,175.48
134-27-3102,Wainwright,Onyon,Male,74.32,183.5
325-20-1850,Abdul,Willmont,Male,69.58,170.3
475-33-0865,Monroe,Martinovsky,Male,85.42,185.02
433-78-3812,Gardener,Downham,Male,91.47,160.77
115-41-7957,Travus,Kinleyside,Male,97.9,166.89
701-19-9222,Aloin,Olden,Male,60.78,171.34
642-98-1377,Daveta,Keele,Female,74.47,155.23
373-13-4196,Coleman,Cheatle,Male,48.91,167.25
292-75-3529,Elmore,Glasbey,Male,60.62,189.06
369-46-1568,Leeland,Wynn,Male,60.84,160.57
245-21-6171,Hunfredo,O' Hogan,Male,71.8,175.85
602-42-1677,Sonny,Feldon,Male,88.44,181.62
153-79-6695,Dorry,Dougliss,Female,75.45,189.09
700-57-1224,Felice,Reubens,Female,77.78,171.08
263-19-5526,Ikey,Klaesson,Male,56.28,181.66
816-14-8906,Tadd,Mayward,Male,48.95,159.88
508-27-4871,King,Denness,Male,99.43,166.56
374-53-6665,Nial,Charity,Male,99.11,185.18
434-37-6578,Rennie,Baccas,Female,77.29,177.67
525-67-0381,Faye,Dellenbrok,Female,82.15,165.71
753-77-1158,Tades,Slavin,Male,91.64,160.64
665-03-9202,Westbrooke,Kobes,Male,83.46,189.04
613-70-1462,Benni,Von Welldun,Female,55.1,184.35
135-79-9647,Inglis,Ellis,Male,,
451-50-4987,Kissiah,Willerson,Female,78.06,182.95
491-85-4722,Carolus,Loosely,Male,105.13,175.33
898-79-8151,Emmerich,Everal,Male,69.86,166.22
338-95-0526,Stephenie,Shale,Female,50.83,152.24
766-96-0929,Cross,Freschi,Male,93.46,167.98
830-66-4632,Silvanus,Geratt,Male,50.75,183.41
573-71-7163,Berte,Pifford,Female,62.45,164.26
397-11-0944,Chandler,Maier,Male,47.81,167.8
704-48-6823,Whitney,Dykas,Female,98.03,171.09
165-82-2287,Birch,Demkowicz,Male,55.28,156.9
882-31-5352,Antonina,Tuck,Female,69.6,167.74
448-01-8134,Galvin,Crenage,Male,98.81,164.18
688-30-7379,Austin,Shufflebotham,Male,52.77,175.27
652-15-5420,Abagael,Koppens,Female,80.29,181.51
552-52-1069,Flynn,MacKissack,Male,91.41,162.06
774-35-1552,Talbot,Carlino,Male,82.83,170.26
390-74-3488,Shurlock,Giddy,Male,67.36,172.84
183-12-6354,Frederigo,Flag,Male,105.55,178.26
553-52-4624,Ebba,Ridgers,Female,82.87,161.54
319-71-3406,Nikaniki,Fossey,Female,71.81,180.04
608-02-3535,Brent,Eykelbosch,Male,98.34,178.81
428-28-6357,Karina,Burgin,Female,69.99,158.38
677-91-0390,Clemente,Mattusov,Male,97.77,187.44
498-41-6722,Melicent,Mainland,Female,73.56,163.53
620-84-2915,Issie,Guerin,Female,49.68,176.56
397-57-7478,Mort,Bansal,Male,87.43,150.61
695-67-5738,Laird,Ayer,Male,70.14,155.63
787-68-1559,Selena,Grewes,Female,86.83,159.67
163-82-0270,Katerina,Standeven,Female,91.35,163.18
109-65-5931,Guy,Yoakley,Male,84.63,169.19
306-47-1291,Natassia,Robers,Female,77.39,169.35
732-65-6326,Cobbie,Flitcroft,Male,85.62,159.55
869-19-5879,Link,Mallan,Male,95.3,150.9
760-29-3381,Inglebert,Chave,Male,106.35,181.82
208-53-9148,Leonhard,Drawmer,Male,95.39,169.98
423-03-7537,Mellisent,Valintine,Female,108.58,180.23
